id;name;rating;genre
1;Checking Account parsing;Strategist calculating;deposit e-services
2;Ball;Tasty Concrete Gloves e-business;Zimbabwe Honduras
3;Baby User-centric Mobility;Borders service-desk;Checking Account Rand Loti virtual
4;GB circuit generate;Personal Loan Account;invoice Future
5;Cross-group Savings Account;back up;Investment Account Fully-configurable Bacon
6;Tanzanian Shilling Small Frozen Shirt;Dynamic pixel;Handcrafted Fresh Keyboard virtual methodologies
7;system Forint;solutions;Cambridgeshire Directives
8;Brooks Agent Bermudian Dollar (customarily known as Bermuda Dollar);application Cotton programming;didactic leading-edge Cotton
9;Grocery;Ohio Ergonomic;Sleek Concrete Shoes PCI Ergonomic
10;Architect Practical;Up-sized Granite Cotton;Home Bedfordshire Product
